0,1,2,3,4,5,6,7,8,Actual_Fraud,Predicted_Fraud,Predicted_Probability
2.2569822144632594,-1.0772756584253282,-0.014557396003699872,-0.8125601672034186,-1.203493861503367,0.08482132539883318,-0.2651220560902653,-1.2685273502943724,-0.021013563897757097,0,0,0.29066102675153366
-0.45642557545190937,-0.814161864280555,0.37837510359723453,0.724299740497874,-1.1716810133573399,1.8691366816225459,-0.22916080759157917,-1.008047410355606,-0.033519128650966054,0,0,0.27971010181361694
0.704930350837702,0.25171626354089643,1.1377313194008314,-0.03469747960935371,0.4619048364612271,-0.6414869611332652,1.4165876209146968,-1.115592222369799,0.9617468869940382,0,0,0.2812630030552397
0.3331588615144013,0.7615938720509302,-1.224249063876415,1.7294573032164426,1.0773146493452441,-0.903816716510543,0.8367766057019025,-0.25702444928823354,-1.0721842239092954,0,0,0.20622892807465504
-2.8003946090613296,-0.5991648075376098,0.13193252102065026,-1.352853163351985,0.20424506218150124,-0.15781395424214756,-0.28249305536539476,-0.14591169736532167,-0.03017221619634495,0,0,0.1957460714900412
0.652308969608245,-0.6370663329661309,0.02077704034259198,0.9094510502693985,-0.20560822238091384,-1.2955415628496532,0.8795820683725563,-0.6685021966977502,0.8998600513177825,0,0,0.24587983844264713
1.2759046860711225,-0.957381589060709,1.0697658458186636,-0.10698384589030017,1.49827784016876,-0.25795575174000596,1.7794930131126705,0.8170662686221392,0.9837141035104531,0,0,0.47703311968813444
0.07048884964385933,0.8472100395922493,2.070538587765317,0.9432396208759252,0.569391970623726,-0.8765706230265302,-2.2831402816739383,-1.585604081969261,0.9108023884420422,1,1,0.630147209045741
-0.3502451609793911,-0.8647753664530365,1.0784274795510285,-1.1762180411181429,-0.17034535538997259,1.2914242358014951,0.11219898498360002,-1.3056085233262178,0.7368887945376257,0,0,0.2676274123545778
-2.922059785656058,-0.6841211371960471,-0.11761239054715121,1.3616357446242568,0.7398286262018973,0.9128261149125667,-0.2497361471018758,-0.5055037530703523,-0.006899585922378476,0,0,0.20813847827889062
-2.956170358421642,-1.2184522550217998,-0.29956662239847487,-0.7330086993401523,1.2826737356424052,-0.10610596596395526,-0.3195269617752943,-0.2945211164879706,0.07399185396143029,0,0,0.1702336450065038
1.48629898854856,0.7384018770505099,-0.681244194905651,-1.3112472317610755,-0.23536018853653418,-1.0427467447217196,1.3640394279285293,-0.3157093647228948,0.9901170729137206,0,0,0.17577710763476578
-2.669177444472547,0.7086484747789217,0.34795077000748714,-1.342714398883352,-0.3002608414437606,1.645044535562419,-1.2602614088282629,-0.2724338454154251,-0.08885164787017578,0,0,0.2753402244179659
0.37332177259479116,0.11413319045425636,1.3128860954602137,-1.434335146962074,-0.2719101646246682,0.43748450556659674,0.26276716757962887,1.5310752135831132,0.8590168331917621,1,1,0.5961501233599783
0.19592192809494707,-1.9929756932624731,-0.2622775717246298,0.713597232772881,0.41344101566738795,-0.39286164727782236,-0.5226836313926646,1.3970313794532105,1.2758536012015296,1,0,0.4933320201054451
-2.732275448916699,-0.14782273386664377,0.032703547150729956,0.3503635250402549,-1.9922086024360421,1.2535566765844843,-0.01843539835029162,0.4023918174425616,-0.12462658434795287,0,0,0.23263619392757123
-0.3560823515598539,-0.2478396926257043,0.11725867150317462,-0.0649574041571841,1.1801542476861648,0.78919346476834,-0.06821247360542133,-1.3680134823419707,0.038295387814443776,0,0,0.22838952864438306
-0.905331665457749,-1.4544061460018647,2.032269257878715,-1.1604058985658656,0.4634837324885369,1.6962260136319045,0.1323926310687639,0.8873476895824656,-0.3893376911001251,1,1,0.5914258326439095
1.6403116388694372,-0.09560801495105727,0.3138478734580525,1.4855501504987219,0.44118619299737377,-0.6938579486812538,1.5593607749818348,1.4800872483086485,-0.028585060456410682,1,1,0.5290334517657769
1.7924485193607886,-0.686182253802631,-0.6504854074996886,0.48737021419371446,-0.15978542756959435,0.449159000259979,-1.3031659619987137,1.1122404756392792,0.034482983399522396,1,1,0.5694642439936826
1.0007585684152391,0.1502543708232234,-1.1250764386085066,-1.2660494864432457,-1.3230875058115927,0.5465630006848362,-0.17513139407335512,-0.42876618411482903,-0.056317274666160405,0,0,0.19245792856018587
-2.7061170103004115,-0.09073961204754895,0.0628223904300623,0.4192752455973018,-0.8684313303222022,1.1407515405301218,1.1844458907542137,-0.003926936668793989,-0.14350096678143162,0,0,0.16098549610053894
-0.6910179010810555,-0.5218905548051826,0.1699243907357298,0.17988933691003012,1.6316302186479659,0.9149459279540554,0.1405774702806888,-1.3325356643838562,-0.5362005915784471,0,0,0.22455017649569553
-3.0137499096644955,-0.6105732536313839,0.1353532240785432,1.5763607804034336,0.3281061600589501,0.41648133641632346,0.7951696366808477,-0.33772670655498854,-0.054700456869191685,0,0,0.18148859291500172
-2.8407631502021182,-0.7482955517600584,-1.1112542310276239,-0.46874617882667563,1.6379446635881252,0.5857677459681735,-1.8399015342527756,-0.5591342346643857,0.0790963393841756,0,0,0.18099907677383043
0.925119675126362,1.0055232230876379,-0.25319924185859927,0.41824005481704973,1.293065214455568,0.824618610041609,1.0715876529827635,-1.4143558812921506,0.8759291787962828,0,0,0.19036734207861658
0.5153280324214501,-0.48935417374822937,0.26899804294124224,-1.079281836050783,0.6327145201866821,1.4447257857703595,-1.1670784217756895,0.8296286388147752,0.9438459013667947,0,1,0.5419423128470598
1.0029862511624565,-1.05953465983359,-0.6039214323376206,-0.18421446727450627,1.435427202671039,-1.4980432705846762,0.9960188662915057,-1.0994023558987065,1.0802412890118733,1,0,0.1644531576821353
-0.023985615730654896,0.26473676233731863,-1.4541009133273246,-0.4309485214854504,-1.6794697727748698,0.22035259977892982,-0.9500226722373453,0.17614155422107514,-0.8416504133939509,0,0,0.22749037924975166
-0.9134302663067483,0.45795222238634786,1.3339482195941668,1.1935343951486421,1.834485790325673,-0.8445784044793891,1.819825586305098,-0.909508918689805,-0.02836582351463599,0,0,0.2765859577647074
-0.7649664869904906,0.7137160111393533,-0.20951574659798944,1.404525604487961,-0.9077652682144619,-0.39508776608088714,1.6363875020420244,0.26648194344296416,-0.1632957886070442,0,0,0.21424184765466917
1.1696688794388326,0.745631103172855,-0.9950990502890457,-1.9486259643323085,-0.6973828827443992,-1.0707579641463898,-0.2166632868824724,0.04388226991759041,-0.048246703912483986,0,0,0.23380288977757369
-1.1623883453142505,-0.1574948902230691,0.8746282654217998,-2.057696654951117,-1.1451680698504278,0.14401169928489468,-0.15309971570627992,-0.22978737276057393,0.5183596388962425,0,0,0.28302767218903513
0.8537304385195497,0.38705692241495404,-0.30323787356542403,0.5121895941286824,1.5752561868524786,0.8968639768252669,0.6261616630358782,-1.695038332004928,0.9460445179300845,0,0,0.19057739487490535
0.7342869822670552,2.029194300410031,0.21865679657179957,-0.43905687523949827,0.6292359848589296,0.4760305960985712,1.179405062591027,1.8578473365047183,0.8973233939060002,0,0,0.4934166811379436
0.8080820844367441,-0.5447963028054695,-0.18477322123149115,1.6614254317303818,1.416438422874781,0.715414923619359,0.1676961027968846,0.9364364319716081,-0.8307520356782807,0,1,0.509935490900878
2.7203893536808983,0.08267632338871637,-0.29656114669103706,0.07760234933005815,-1.5692009804664528,0.14312140811066024,0.8013951576951495,-0.9582082132636056,-1.121813724001631,0,0,0.26828477102357445
-2.9144457516560696,0.2921704352132529,-1.395894997508583,-0.9482384705444794,0.9215535286351298,0.26253591341056265,-1.6219183749380155,-0.0599984570471255,0.029457910407620403,0,0,0.1647370587780961
-1.022114644999585,-1.3208463827503376,1.5775979373362758,-2.372531916530177,-1.315096512462485,0.9042586565740417,0.059624824635254425,-0.6901425867164551,0.1171663124243363,0,0,0.30056803034356405
0.08965139270372859,-1.0922270305237225,-1.6955131456903907,0.49641331014889256,-2.23156120670815,-1.321605737855875,1.098054432231298,0.6924258099394084,0.6158136464301592,0,0,0.14127781595226413
0.3642961773812216,0.5174892292718235,0.48390226344437853,-0.5958862619760819,0.7648273461796363,0.6318707867131564,-0.38452512768419783,1.3181343202183533,0.8057462503562745,1,1,0.5673858220397875
0.9135178347612294,0.6871499550116843,-0.8259804708960774,1.6829907466080367,0.3272439283412937,1.0890601720596134,-0.5559965923292436,1.4536348576237366,-0.04250320658957374,1,1,0.5316890908545379
-1.2124728692095827,-0.44227211521718135,-0.4967205009280608,-0.4270018659892823,1.2556831367566919,-0.4113245383067989,-0.7775103371418143,-0.5080220149536218,-0.47812234506217766,0,0,0.2346669128425818
2.4087315658699793,-1.4027513930123516,0.5901194706692748,0.8829188304726159,-0.5208788318534737,0.027170206753299883,0.7742678536805778,0.8508076971857497,1.095871014344143,1,1,0.557104697712322
1.8127190491954916,-1.7411241911119832,0.6461579590662888,-0.6450399950357956,0.017789564116724665,0.610417837773057,-0.4212888034668167,0.7207876023163146,-1.915083136977397,0,1,0.6021828576873546
0.11133053677718409,1.3094066633589438,0.5181646204039303,1.4984506027832611,-1.2043876849304422,-1.3388784487531964,-1.7084083039753326,-0.2581798529645542,0.6707750371000817,1,1,0.5193802989407178
-1.2976802939864,-0.4352287665381998,0.10907076289579135,-0.29901065045902825,-0.905137559890554,0.9797493392193952,-0.45796842771887597,-0.5050444216863631,0.43164915654092145,0,0,0.24628833481338178
0.033198716418679934,-0.7642924709119728,0.39086335005138906,-2.3032670689887658,-0.9958887307690109,-1.2745276156962033,1.01996531866501,-0.018749250006750432,-0.004213347075261866,0,0,0.22151884369684302
-2.9567927693734433,-0.777333058872456,0.03939886024539914,-0.8647174227137987,0.7449584413489213,-0.7986575912666201,-0.7375632206960306,-0.1857712427696463,0.054429792374327685,0,0,0.21571710374141984
-2.8517453104286683,-0.8394486421684122,-0.980841177030824,-0.6664393600901808,-1.2496843351759863,0.7347307944570282,-0.5360640813580254,0.2797141624855898,-0.1053872085240106,1,0,0.1512002093084466
-0.9750565235497886,1.3741196054757308,-1.2354909255008493,-1.3087594439794268,0.12288437870778335,1.0496364071831377,-1.0158396822305489,-0.04288179296073048,-0.5266099850431712,0,0,0.20731076724194636
0.29992336184800755,1.0656562076084202,-0.4263075841991469,-0.6175592206350782,0.41987259081429135,-1.446501884089593,0.5764963265755443,0.012035026270545236,-0.06343342410268023,0,0,0.24581055247612263
0.1793593260709581,-1.1654212649809401,-0.058336793324616776,-0.4240099644023299,1.7177676787989264,-0.9488979472915621,-1.0799419785578888,1.3144047799799015,0.12325082512216022,1,1,0.5521019805571686
-0.1971762899678147,0.3223147021531344,0.23449906986636404,0.8352873386154954,-0.7194433963093975,-0.9540367084420207,1.439922465475512,0.09700689020919427,-0.12361259441274998,0,0,0.26183005909997786
1.9428508038666878,2.0334583465948595,1.151004031199984,1.3186343003612522,1.0424719574912769,-2.897685159051739,-1.1523518106920658,-0.8418370316079576,-1.2947719354124818,1,1,0.6330976986963427
1.7903601700854992,-1.9881201831088193,-0.3615238231442694,-0.30092694981733686,-0.6890109858526012,-0.5798820389107889,-0.4442261428949896,1.4204447032190068,0.044083949289084344,0,1,0.5232611291357516
-1.2205113311353788,-1.4774377412258537,-0.5409155780033431,0.6986105855222045,-0.830702589963654,0.7984716284958628,-0.8922190333022034,-0.6094854259132703,-0.047770555760104,0,0,0.22771705522975014
1.7171562487831145,-0.23487479387778126,0.5092206778720462,0.0025929602125219537,-0.9568330057082088,1.3617565132541911,1.0574368482023997,-1.296312167238428,-1.2045000191643658,0,0,0.2734130905650523
-1.6250549696769727,0.4046556010717954,-1.3234230181900914,1.5361007394176693,0.8787421479689023,-0.4224588776168283,0.14959162654497954,0.057953066254804675,-0.5263589513863509,0,0,0.17908685493895843
-2.7323927759537536,1.2179872633885944,-1.5717219540821017,-1.4442351950386136,0.22790463506787656,0.6595677927352586,-1.4127962607623206,0.29618252481745055,-0.09674679994858433,0,0,0.15918707191959564
1.1119618222869792,-0.3217537653026759,0.24666020416898707,-0.3260729414702181,0.8235154704609935,-1.4917332156535035,0.5660759577855536,-0.9236710310660987,-1.1546479295914476,0,0,0.28415887666966533
-2.952387987851306,-0.30445415526898284,-0.6072594444323252,0.7806052721762162,0.1559858280392801,0.5816182556035319,-0.08279863057465293,0.08144873847698297,-0.03571459708795716,0,0,0.181101863240902
0.31509832108044583,-1.7110371571946337,0.39838297115403104,-0.4583970835421222,1.6827242986186863,-0.6617880538498974,-0.5500447589708776,0.9934056688837419,0.16350296240239473,0,1,0.5381520625609291
-2.5769855341768375,0.22192572687122908,1.415344702291361,0.07295747842559094,-0.4423777523667071,-0.7712853824672511,2.022750514751941,0.18464824218233028,0.09153227851570811,0,0,0.233898868323169
0.5263861987518985,-1.0486211841207278,-0.2722565814730445,-1.2766062843129724,0.3382697808384801,-0.35214755497454236,-0.42432173896302294,-0.9885322625528732,-0.8489435278039453,0,0,0.23695027343005112
-2.693627262200249,0.48371646420227604,-1.169181807899703,0.5683445535379655,-0.2041826175601497,0.8660130731549953,-1.0495690787366792,0.23085582286127215,-0.05100619811945876,0,0,0.19952230542686247
-0.4797096836867793,-0.4867124559841791,-0.418252182396632,0.5572838966549966,-0.08988712493321971,0.005176320699703012,-0.21926496978319002,-0.48164269361284257,-0.06203183417543621,0,0,0.2449842631657288
-0.054257661049857624,-1.3011069265774118,0.10452043770909733,-0.5063444326952992,1.0200066777073757,-0.7874027491940192,-0.05241366695966355,-1.1000590838298274,0.01871410730924227,0,0,0.235767273821528
1.1208771090975171,-0.49407432257873996,-0.30794978989997984,0.5945767538959628,-0.38232443129401195,-0.23673004394899352,0.46781774313086766,1.755108596403406,0.8891461031161567,1,0,0.4907776686680112
-0.15138368220322884,-0.5261471332887185,-1.230715982971934,-1.1797554382423867,-1.7894288924384303,0.18331928973272796,-0.20905407833925732,0.18328960305554676,-0.8959129317352528,0,0,0.1842346941108622
1.6452622072107215,-0.37218118847583814,-0.5595525824341012,-2.0729036840295887,0.07840535696570483,0.23904879908262183,-0.3113218010867357,1.573299433267827,-0.9703329161057109,0,0,0.47626679050443815
0.5203479915047757,0.1394715874519774,-0.8338331815961172,0.35942930378632026,1.7403165241311416,-1.32188280960065,-0.374480331146369,-0.9210148997095717,-0.04793761636981317,0,0,0.23572488625554472
0.16843705455724947,1.9131173504328718,1.6140694982079704,-0.4108344650482118,-0.5910738113766029,-1.9426630953834214,-1.756613066441676,-0.046081021881368214,-2.104683932666137,0,1,0.657354970457567
-0.8673284755993181,-0.8670756525186,-1.6570978931123015,0.20898872348113018,-1.0324019002777312,-0.7472936694010809,0.21074328582832547,0.4284130329179061,-0.12885841691744326,0,0,0.150627325132707
0.7736441947630271,-0.9361784361749939,-0.10368404015960679,-0.12433784318356227,1.8826164206907439,-0.12521468635912145,-1.3791345501671615,0.7678864982424932,0.1522098160302147,1,1,0.5632776504101243
-2.57361381166121,-0.48061071684806905,0.6407767799235816,-0.02880470228500119,1.2970265433294752,0.2854082718843876,-0.06195140346535546,-0.6862125147464281,0.07120188520263109,0,0,0.23938670849740615
1.6425082226414005,-0.3411538435565145,0.44943950146278905,1.537267852830117,0.10398288546030576,-1.1342490179006985,1.262752231914039,1.5910697056912475,-0.035246520649779844,1,1,0.5735280071292865
1.1558146905219535,-1.3168609682540346,0.2563012280794094,0.9566304398992588,0.4312406469651915,0.7687237935893856,-0.19162815553889737,0.7620500492495041,0.07353132587160406,1,1,0.546529464344151
-0.1351839858204702,-0.5785925003650852,-1.2156938680938847,-0.8653787447113436,0.9497393082920526,-0.7646555032379442,-1.5593825873572467,-0.5841264519225964,-0.0013777941396149681,0,0,0.2325086925604038
-0.21087342245709945,1.5255890006826687,0.8555723319984427,0.4882590712999241,-1.6794836225168683,-1.1008904781136557,-1.7963870610434893,0.12441363406139559,-0.09378413531563595,1,1,0.5621692542611813
-1.3213401151094206,-0.12093965664762543,-0.6731398246741022,-0.3968278759001472,-1.7296544035095889,1.7818757433131653,-0.12557831202306488,-0.08771577555397692,-0.04978942668272339,0,0,0.1855070587125008
1.8767975967943757,-1.071888660377711,-0.3725252408986666,0.2626281325231971,-0.5962841515749177,-0.03500309522520672,-0.3560892724525833,-1.3807674855076522,-0.06798301907141241,1,0,0.26782200851643273
-0.5854012146415661,0.12061432536760365,0.7349587195559926,-0.025778416025472158,1.5161686426957834,0.312674294132293,-0.31044961813989563,1.3649634440907543,0.13405460902337482,0,1,0.577649174537743
-1.7141501845441363,1.3291594533124331,0.0006137153905408372,1.063018379177987,-0.9290597292926573,-1.7825469978490611,2.4258911361112228,1.284719733022457,-0.7530627964170614,0,0,0.21901343356804331
-1.3223914427109527,-0.8471823633847869,1.2743305972139984,-1.0332594690304988,-0.055356818594782566,-0.48696921734701243,0.2108055253854666,-0.6226777196698147,0.5268411895476862,0,0,0.2939838569448333
-2.6285725097041897,-0.840154098391124,0.6627165766148921,-0.8375014352501642,0.6757786442873146,0.1840741840782489,0.8748541988765057,-0.33284272466120096,0.17395537382947046,0,0,0.18770547323126952
-0.014572496045469558,2.254453859207915,0.48430837177002556,0.09888059423485358,1.1213459561531343,0.09724782591693047,1.1139424379217033,2.0701480107321855,0.03533772248341866,0,1,0.5445105216487443
1.2508116348743017,1.9340191732225176,0.3153541347616051,-0.0769453394717665,0.9973089250265276,-0.18722489929379668,1.3901859981608051,1.7816351641609494,0.02402600394664231,0,1,0.5285970855446297
-0.5512066217009286,1.0878895053549336,0.6166464040458437,0.035215168774569074,0.763935012595351,-0.006517562985501896,1.9110987954574172,-0.4518555616187456,0.6431992032278966,0,0,0.21662050003539401
0.4931395187975719,0.8966388324993338,0.18785241282657608,0.8823408261015621,1.6573744092154723,0.9570885491199459,-0.6311626889248447,-1.7234850005888638,-0.8726064777099913,0,0,0.31923391052144534
-0.55011664198041,-1.4431469626686901,0.7454439840126137,-0.6241754501063808,-1.1045490155564655,1.3076562879109666,0.4471301663622128,-1.0043613262663436,0.021110544660462603,1,0,0.23392582597047137
-0.16259882051079452,-0.1567662769663768,-0.22466931331126888,0.02879668730235396,-1.0997129898792097,0.8081967907555953,-0.7971438243777784,-0.6840296953145721,1.9967822880847506,0,0,0.2634188554168428
-0.8213868065485092,0.06999111640445348,0.40434925033604385,0.30901551733434524,-0.36147537010692815,0.6270335463685952,0.36003039491613525,-0.6055337863235493,-0.041756915280036305,0,0,0.26071446397544745
0.7001785815943605,1.2063473239053204,-0.8100350458755544,-0.32160470811535036,-0.5614459501961355,-0.31836394835287074,0.6774255700636898,-0.06157708994758844,0.8179461955091055,1,0,0.21075517965434531
-1.7962872752699335,-0.16400782463829025,-0.55837921176192,-0.9799959350554637,0.6096210469896104,-0.984974840959078,-0.9475118151503454,0.024742997390748474,0.01525532546653041,0,0,0.23185274306557788
-0.2677550596840833,-1.658811750519772,1.2098298647052015,-0.8225136182446476,-1.791466616460264,2.0940182769687397,-0.22014860454698304,1.37210944370865,0.13670083824308563,0,1,0.5709674989307904
1.1076702026603165,0.7784189598310353,-1.2706112699781336,1.040419593270487,1.298031151591876,-0.1992433095030288,0.19472522028855924,-1.0367605388167007,-0.09986102773603575,0,0,0.19672925982772219
-2.8700687287666806,0.34363337266992316,-0.6658966245440443,-1.2550569584176623,0.4074880392980965,0.29407990394118233,0.1615685731100945,0.1440955592318795,0.0881217975375082,0,0,0.14138175255390992
1.214151432444344,1.2289121253102002,0.0002729682423834336,-0.11430531815643973,1.1186708159759766,2.1995991027874786,-0.8586685330818179,0.6154940057964825,0.9421117110429953,1,1,0.549825760256146
-0.5874053980673817,-0.13302391421695728,-1.0853279717620785,-1.1267107654161945,0.6041434618080525,-0.8392740173090731,-0.4396386472004394,-0.18865790136688043,-0.02105728267557536,0,0,0.18701246106127195
-0.29169359170476944,0.28792862601384844,-0.7442053381262301,-1.870300928588143,-0.358551173910089,0.019920303077329487,-0.5909200334424851,-0.0627902201444794,-0.7154132009467054,0,0,0.22608328709190656
-0.5007907192914877,-0.7904859619708903,0.5055857576061714,0.8029449464237102,0.2563384830278557,-0.09069811552302028,0.5845618660752449,1.7825888303059507,0.5736722071694187,1,1,0.5184153296198024
-0.5304946188474235,1.1207233803931587,-1.0766986784532404,0.6266017913981704,-0.39545016848876013,0.6161000112034691,-0.8602458733952767,-0.2317807059011378,-0.10682015267240062,0,0,0.24566837012612036
-0.21113412741730936,-0.10970856580669547,0.7747283576908465,-0.8896306775953344,-0.03864682073527198,0.12023822553457032,0.12061075318152606,-0.8231174991210509,0.7724821083739963,0,0,0.2887862511967923
-2.7767686636700333,2.1355052514285724,2.3203892101302825,-0.4466800793433519,-0.9661574046942619,0.11466347679587453,-2.277427496858297,-0.27060291952693494,0.10546915502004686,1,1,0.5974019048497125
-0.2580376294417728,0.16635073869271091,-0.42060508894308474,-0.2996333760037106,0.9784500304242244,0.17461544156209,0.004228721045041542,-0.9199228235040822,0.7022201979275504,0,0,0.20171949290339083
-0.6347029293392812,-0.4111259301260313,0.3864679056293564,0.02740557433247972,1.2034352286842513,0.02380094011828204,0.04246614443695612,-1.1701282701523539,0.2688261654564012,0,0,0.24774601204170157
-2.9333570108600555,-0.5523319452931482,0.028124708338438942,-0.8700538399339182,0.8133402737983885,-0.29668658306647244,0.13097025818102517,0.022869644749591408,0.054738272789535206,0,0,0.18818155440305523
-2.862035650233238,0.19384129060738078,-0.21541253606010777,0.4957288411878086,1.9874422286577662,0.35220570135029605,0.1067628061846769,-0.6796452882600277,0.02244961034704904,0,0,0.17064087958272364
1.194454914089509,-0.24383439087374373,2.4172326770094976,2.1660197654146724,-0.7620238231602268,-0.992647740326538,-1.5497410104400504,1.0101186777406679,0.03872372694009354,0,1,0.8686954791207132
0.3076233831896576,0.20679916334637122,-0.7025276821286881,1.2207520326233536,0.5611535845135728,-0.16800973049277748,1.3554821906309786,-0.4968828156333857,-0.1415425321824804,0,0,0.1859856529994869
1.8120549966350712,0.8251260147054973,-0.2835349757088475,-1.1325055480190123,0.31572485022532343,0.21601103786861992,0.14667674421385016,1.4566017357942194,1.1779911802810774,1,0,0.49268110076327665
1.2264887426941231,1.4939417204449048,-1.0424994221685364,-1.3798145602524743,0.2301326548451739,0.6538534709320232,-1.6756263156615758,1.7795524505876577,0.06210351882525182,0,1,0.5514413369587312
-0.055071614050859315,-0.981953017501226,-2.238531781186891,1.23082566330297,-1.5509931673247646,-0.3805149101423545,-0.6451935119987924,0.2363973411542546,-0.9928881103795909,0,0,0.1782720488445197
0.7267795145683786,-0.602213039202891,-0.24526685485926777,-1.0220334502168864,0.2848352097931518,-2.2214213110011,0.02532339625516858,-0.4191803183363752,-0.029886892534520013,0,0,0.25845598383048973
0.18817480946852305,-0.05519087510010755,0.6068998940085779,-0.4568566562613868,1.1764523409952774,-1.5406557333620061,0.8794455177330681,1.9752890921920276,0.06963809697755334,1,1,0.5413340303862336
0.18032545290505764,-0.7443689650589006,1.3057613010245934,0.3077136382096262,1.8511917729162037,0.571502458241424,0.5159516809754926,0.6657122846761443,0.14438320961410872,0,1,0.5648815464749487
2.0736348437488097,-0.8267998375821148,-0.06634815323859107,-1.2108988959145974,-1.3307797228425708,0.022589532774249004,0.8780544514881,-0.8918615032527978,-0.03694404518659204,0,0,0.2274829416126648
0.23537396637239152,-0.4647575834692581,-0.5160435940687843,0.9401061704113172,-0.8180779227036492,-0.20175381754922844,0.5719990927941183,-0.25330208580789887,-0.9534301530195384,0,0,0.23927648168530097
-0.47360129213483815,-1.118482673774691,1.193076317236493,-0.6139510836886501,0.5143777847148048,1.0165842968864047,0.7902066956579401,-1.4938038844115187,0.067159778254592,1,0,0.24048366007177904
-3.069322937704573,0.12449087484592597,-0.5204462906370668,-0.3130021221928138,-0.7948166227766752,-0.9546416302273804,-0.24173853556255093,0.7973952967995448,-0.09309455644031346,0,0,0.20371864526282696
1.3268501752135886,-0.08709180572256205,1.5234585483169125,-1.5494395571574733,-0.3565889882798017,2.067571778675786,0.12233000418220871,0.7364616037671534,-0.7091874509152951,1,1,0.618688333341457
0.23054678468531742,-1.4116637709878526,0.14654780041593343,0.40637714980389805,-0.4527261719672089,1.5386051993711982,-1.715344597279414,1.0409042425672435,-0.5634820196925165,1,1,0.6106756968519311
-3.0802388637520157,-0.1036686408648664,-1.2444433326402762,-0.24304634202540976,1.6811196115751157,0.04114989402459661,-1.7617543579271229,-0.37896014626782276,0.03820941097255494,0,0,0.17528781475657956
1.1449723556863867,0.06446260980957542,1.7127057007905622,-0.561824630401384,-2.7027504015926356,-1.58564441120238,-1.4482238260499576,-0.3768776622854906,0.9928292038845685,1,1,0.5948995811872717
-0.24184750923190884,-1.0165823700249896,-0.022594129275126162,0.7410594473087755,-0.08524268323271054,0.49080365430361494,0.2761041391048151,-0.9567605776713503,-0.7568028315545571,0,0,0.23391035500614143
0.9685023601888973,0.002689900559519594,-0.07655114242516965,-0.3135764457407243,0.7655411569390691,-1.055884661541062,0.14890801583179053,-0.9782325119781428,-0.02265901340743306,0,0,0.26310003058907033
-0.18004739559919775,2.2094555994064353,2.263009964692483,1.4644487698315767,-1.4845510402797122,-0.609816946423069,-0.7784501065517385,-0.2993196859596874,-0.08983796521768161,1,1,0.651699253059415
0.13108839985941936,-0.45144430109666356,-0.8789610320925059,0.9928115844061918,-0.5507160048791644,-0.41089834136791575,0.03859292820449417,-0.33635623232845446,0.744597042882102,0,0,0.22042091296246122
-1.0857380425912238,-0.19684433223681877,-0.21562327750964977,-0.39061183642931985,-1.4722086154407061,1.105143997650125,-0.3594519244582381,-0.1998724574769168,-0.5388001620667028,0,0,0.2403786879768429
0.5763583697568965,0.04984352712864899,-0.1887459069161183,-0.9036716524433547,0.967732471395988,0.13981515878618753,-0.16576412288449938,1.5378371202203003,0.09654291936639074,0,0,0.4932363235594115
-2.854148037079539,1.411251145477719,-0.4186329796885637,-0.5485303718461997,0.7309399040394315,-0.7931807124508499,1.3072641477035642,0.6304331697167715,-0.04948164270305153,0,0,0.150374968615002
-2.572832456005744,1.4450150821989434,0.19492578890081566,1.0005110421094157,-0.7072601272049744,1.2673775899707092,1.572842846474448,0.14534374310716286,-0.09769722128819949,0,0,0.18230789062566352
1.7717672683446064,0.11458216487646354,0.1550479666533031,-0.5581825553197349,0.190629742332341,0.18810108745923307,0.06714053889298408,-1.5611619316042635,1.2564434680306207,0,0,0.2627118118798287
1.5795456345651142,-0.6401223160308701,-0.18529868430833257,0.5716239925224669,0.8075283576680264,1.4162615682138568,-1.096528584945867,0.5500172796071099,-0.9166130728055827,1,1,0.5740707011959914
1.315146250583397,-0.43384137182653654,-0.5816335021822329,-0.3561200839207533,-2.8238531346037075,0.6834908942043092,-0.3201667745303717,-0.506258192617628,1.035200882429851,0,0,0.2482425635661838
1.2533803872556628,0.9157194776505414,-0.6890189485951972,-1.0536759335253012,-0.017460316061263456,-1.4707996908444003,0.21568860770143544,-0.27269468465655106,-0.06288718045293729,0,0,0.24282361051948181
1.2964868614027905,0.19360825750683763,0.2316468857655963,-0.5150591726383703,0.4965689941126015,0.366170762249851,0.6103095917487257,-1.313435137334564,-1.0879642303811945,1,0,0.2574121538969389
2.0071126279626075,-0.4258144503702592,0.7053964782071641,-0.5697897174550274,0.775263765985183,0.4101933307864645,-0.4815338063478685,0.509280850493012,0.9427780566248124,1,1,0.6005042077467208
-1.8258412016031766,0.13421293910819226,1.0838517948674542,-1.3245376778129971,-0.43120475453792945,-0.34784904694499846,1.0864515612752577,0.05257989935601404,0.45769037012641994,0,0,0.24673217299447686
0.3091876165501409,-0.5482363144087291,-0.7707622120636469,1.0121685903857114,0.7302793519584626,-1.7600344012363378,0.2865877467412678,-0.5043171222810985,-0.09896626907994394,0,0,0.22432561487326783
2.3795942802354304,1.505343742147613,0.8181530492745646,0.7626501056529199,0.5922424669718924,-2.8150411134811337,-1.8574694341243971,-1.043475385148685,-0.07517274678664286,1,1,0.614648833314492
-2.8489278262643203,-1.6601528161673798,0.4738332101196571,-0.5213724290659585,1.2815514073619148,-0.0063728671685581596,0.5036706705211077,-0.8054174542883266,0.08242301447717457,0,0,0.16384614827473787
-2.825958335508443,-0.11125707170910641,1.922928011821406,1.385099625445809,-0.21806992331782943,-0.3266394529578908,-2.1730973837426384,-0.8164904421551723,0.033433142063144794,1,1,0.5335996120044387
-2.5640144526189683,-0.6997436127144946,0.5309024478618409,-0.4902529392125957,0.9433703291561718,0.7318782035304164,-0.35893730932380863,-0.7317892613246444,0.09092736129821005,0,0,0.23015145437920562
2.268449791569442,0.49058527345173636,2.8249603758521653,-0.7409546969666615,-0.7072598616257566,-1.0017053357274064,-1.097382644374532,0.8898071833279018,0.14820858443115587,0,1,0.8576392480020191
-0.3126009253577962,0.3675623305127472,-1.2019258546732388,0.052454776822139816,1.7167587218122613,0.1538975796530186,-0.09672208014673334,-0.7302090686653606,-0.030253387234512992,0,0,0.1746832709174995
-3.080117897599282,-1.9361985828171142,1.0142451251116045,-0.8156781081094259,0.7694923430343126,-1.1800482213674062,-0.1485045587964255,-0.4858232896583303,0.13916749291114122,0,0,0.23749776236005735
0.5009300164334469,0.006168921050921707,0.12664139691339257,0.6820110729699501,-0.12389411782966772,0.1369174755057511,1.9815343697049814,-0.7968345074910779,0.7828135820924498,0,0,0.18557139170025366
0.9414016094337082,-0.6137508590840424,-1.3623802254046002,1.0348895269692324,0.45343562382198155,0.2886700236024078,-1.9116029630213764,1.4281546545587716,-0.9120828978583625,0,1,0.5489985218058657
0.3332338151888965,0.6456921388673201,-0.46376615949126504,-0.24221740919826407,0.4198879729811294,0.794472680303792,-0.7620136203410315,1.6228828890539848,0.7559005936161787,1,1,0.5148864963276871
1.3689698575507803,-0.9312407991895965,-0.6880277109082152,0.43884839862824193,0.5608082417601559,-0.5603934115114506,0.16778614179684478,-1.1361935632433948,-0.05998160966018685,0,0,0.22189257874716278
0.14708777195813427,-0.7480081719186369,0.23381350116484056,0.2441982822301654,2.235880991629042,-1.1582820008083328,-0.31975070095481106,1.3157214619769033,-0.5404367400652853,1,1,0.5616020854100816
0.0013310881866635692,-0.8673462012876797,0.25907554207666716,2.6236833485782696,-0.12733368118284802,-0.27617699497693965,2.0965231141332428,-0.5932080783342325,-0.9671841349489099,0,0,0.2303465840191344
0.4172521449868778,-0.04597896250148169,0.4634987832126173,0.1689404331549613,-0.6220118266193602,-0.11332786272247715,1.3625674704956432,2.10747451686431,0.016316431920898655,0,1,0.5087978720975579
0.05555525171884174,0.12697287512807023,0.7411274078766393,2.0021648465819304,1.514923146533494,0.8869831220587984,0.7285793193256962,0.98006917503464,0.043724742434963555,1,1,0.5555849056837242
-0.9176055860551527,-0.3827701724238281,-0.29425239689712285,-0.7817385639081951,0.8026235094299916,0.1545749385938674,0.13762753147859183,-0.5508858310024091,0.019789249006871772,0,0,0.1973646681146544
0.5856765251346708,0.18088990851040984,0.554238218900626,-0.8284665016593991,0.7293540511658556,1.3502050337013891,-0.40629103524065835,1.0570831411978774,-0.5838101375426024,0,1,0.5690340961886396
0.7879057684349554,-2.2056264742245095,0.6729464480307509,0.5422449107066142,0.5441510706481734,-1.0585765633827995,0.05968864244904586,1.0345951989358524,2.317743714675716,1,1,0.5428058483945024
0.6283794936775958,1.5026694062715018,0.34163262797664795,-0.6867756640748895,-0.15001003959621426,0.6016682164447545,0.7644886469331472,-0.7587777551135029,-0.02693588262741537,0,0,0.26292613689983346
0.055809057908509326,0.36625835689047354,0.6960743166088317,-0.8849248488906967,0.621693415973465,1.8975003140780482,-0.6711695661589558,1.117299478333471,-0.8005337872198743,0,1,0.5881391390504965
1.0905402263401447,0.10451395143893767,0.2662293755205355,0.6992856448977885,-0.3505991685020141,1.3695984639175207,0.5703862916869253,1.351874178564678,-0.8341881893973305,0,1,0.5425660543656685
0.4755597682378251,0.5580130357549269,2.1606453308286917,-0.014572531554139635,-2.7887972042468365,-1.4722703744171428,-1.3376199078680597,-0.07170273588096056,-1.0126073974282483,1,1,0.6680177531608933
0.9997920221251227,-0.9101673526581185,2.925219713830721,0.17773148547130851,0.883155880578646,-0.921172469786906,-2.112433239457021,0.45576390781060994,-2.0728971734108614,1,1,0.8785694221851941
1.2605376596384466,0.5870751350004184,-1.1693364766407193,1.1731417633786103,-0.13030848399434092,0.032751598389274925,-0.6161125658570226,1.8158920233390219,0.9423444685281934,1,1,0.5114228105669617
0.3220607471393249,0.01386737050195887,0.43740479953850836,0.18283200571658925,1.8348210861943546,0.2595373465581919,0.22127967823624942,1.0963598695050998,0.1012776685106389,0,1,0.5296821806287052
-2.8109153405841676,0.5108405058169401,-1.1900695290156897,-1.1453594612484999,0.7075943889489542,0.034853061748220386,-0.30746320291186086,0.4430397345710756,0.09080164565089172,0,0,0.14816413188797564
1.000332716050563,0.7181364179758666,-0.3365341216418058,0.1586065500381793,-0.7382795255579788,1.2254162070243992,-0.042788268035299955,1.807308230577333,-0.8282331032550985,0,1,0.5375910776123971
1.5336441386326665,-1.068040420531587,-1.341828354723364,0.08503355828799616,-0.3103308699669303,-0.03378028841891704,-0.31985727351175214,-1.0563545632632778,-0.08585844524436444,0,0,0.1896410927369502
1.7798804959708971,-1.6460501032908215,-0.4107084022389968,2.0486731973540517,0.2573687782327839,0.9314082179469758,0.13321136343335008,0.7516983070489928,-1.085515455034545,1,1,0.5074604622295095
0.8664303524328788,-2.3608050046951603,-0.5328846034847332,-0.022181076347789937,0.1516695269409445,-1.2097368545196057,-0.8506158787252689,1.561599462071281,0.05559768669386373,1,1,0.5152576559291752
3.9192912207648445,-0.04389084409521339,0.7295094843849845,0.2597722445242281,-0.8836029707083077,-0.29635148888863816,0.9221406420190809,0.8849854018489444,-0.004732065372743718,1,1,0.6349443405606143
0.9978433066378443,0.22414732320127523,-0.6383717996255125,-0.20136030313817058,1.1601185146041955,-0.5824994355877062,-0.006887189494379361,-0.9921639380103221,-1.1261515200849055,0,0,0.23632938332353443
-0.9350752149331321,-2.4127225904824696,0.5949766784549563,0.12651125290985485,-0.17011503636525133,1.4059048474534868,-0.8994082441298518,-1.5285787373452593,0.9158215902617836,0,0,0.26408045286290593
-0.38254925688199,1.047440370679671,-2.2236330257346717,-1.1018162302949526,0.7124227923690295,0.8154095614395914,-1.6517660239911354,-0.2677536532772986,-0.029870856503762935,0,0,0.1723202015395899
-0.6291940990380558,-1.1433800637801066,0.7606896991234142,1.4607922344011717,0.29304194819083074,0.6395499531773428,-0.1469208582474956,1.4213170110355955,-0.8341906843881101,1,1,0.5986452998011458
1.0009027731543518,-0.013291120861444888,0.11051859732990062,-1.2132522988247703,0.4393540220747134,1.8699634707456108,-2.121594595379111,0.7365162015221098,-0.6617751301188889,1,1,0.6240446535645695
0.12801626392932564,-0.01725268311848664,1.145412687865221,-1.7521315404304512,-0.36561906065523075,2.7638865854102233,-0.25694261775073024,0.9694977126466048,0.19734814957296098,1,1,0.5532402746310262
-0.5278588574203645,-1.1734073422536284,0.08177142470443373,-1.0585834593698575,0.558971894109946,-1.4110899814321027,0.4805007853932445,-0.3308439408217743,0.006781616385198047,0,0,0.2227572781212289
-3.0266958008082216,-0.3676355230777785,-1.106776965208213,-0.01719660750265449,-0.8937414250644375,-0.5487246449804347,-0.501691649011407,0.7152648689325134,-0.21731790999603026,0,0,0.17213857153522835
1.0867821907198356,0.19965399306846845,0.38286683141450406,0.8264110917232109,2.207733810656772,0.4132686611581296,-0.4442562906981207,0.4970171837470383,1.0394036466404977,1,1,0.5748459368656209
0.27365266587507814,-1.1032970453154616,0.07975307043930706,-0.31361367207055996,1.2032543746642335,0.41413250574314703,0.25011758923172683,-1.4515686095201612,0.03515743062249432,0,0,0.21539709656837852
-0.6930196451113505,-0.5346909335323733,-0.8327242092950765,-0.9779836760144388,0.6671166180045887,-1.0623034717450919,-1.274832479615729,-0.3301270358817801,0.6793813429476401,0,0,0.23735686633527872
1.6402905021973457,-1.0142486917555884,-0.864914550066421,1.520010799446347,0.9685311621243741,0.17193681463812654,0.3522008339038102,1.1208100326120258,-1.0627742000471228,0,0,0.45737874433169684
0.29627411386683317,0.25455858941803683,2.297325739053651,1.0633221319753183,1.4951823279432532,-0.9200358155254557,-2.7280908106643817,0.6118187041213493,0.15685665070980007,1,1,0.8665558064798216
-0.060351709239988664,-1.6635018623178814,-0.8459403964316181,0.6717427318031458,-0.8838750440812788,0.6560387764525081,-0.3428651485022562,-0.8121754816132136,-0.0856208719657159,0,0,0.19789189023178683
0.2909468562714892,0.4531340219186706,-1.2033385489259543,0.006980211269954715,-1.4072360115689682,-0.1993454339020245,1.0124711508920674,0.31653511160573156,0.6832736211107115,0,0,0.1700824349882962
-3.03224401165207,-0.2640130295508928,1.3497846740983446,0.9243761931696302,0.02258328652561585,-2.5508486934131045,-2.3674889218643753,0.22199988411874128,-0.044701477196137006,1,1,0.5503555391271906
-2.896017303015036,-0.11114378867883706,-0.773186773735846,-0.496463672405019,-1.4259163190883692,-0.7478501921346908,-0.2977941339279206,1.13516652650819,-0.06827529161640185,0,0,0.20454381027606802
2.4310276276713445,-0.2663301758821661,-0.1835604560801152,-1.1847692193273411,-0.01508667096427091,-0.04569547804018355,0.911297599793371,-1.2809716047276332,-0.014345880963377357,0,0,0.2179087804343559
0.40250663319147895,-1.0975717072826738,-0.5054619284130694,0.4623309050122844,-0.16323800566879104,0.3461772354790452,-0.48184313369386994,-1.0857077518941594,0.9490917415129515,0,0,0.2313071593181755
1.4239333289535177,0.5180671282424778,1.3320971714477208,-0.47042598830086896,-0.4006576370932726,-1.9008595433406275,-2.8541862146215755,-0.9853798884774356,-1.11167234877669,1,1,0.664976965827258
-3.0186525627223606,-1.2691741630955438,-0.30911139819953654,1.3569643982974087,-1.030622593005154,-0.18006755481361397,-0.5356700088835216,0.11767302352398032,-0.024574797214363477,0,0,0.22096458505872793
-2.8166302304197797,1.149748859741382,-0.08697881387052091,0.22780290201893255,-1.0774614552588258,1.3633196778755452,0.16092433566529551,0.4243698179541504,-0.048989152586615944,0,0,0.2231665605058012
0.7560007703554267,-0.09749734051318472,0.12138407975560929,-0.023247482123448994,0.44894438681221543,-0.15797286637920735,-0.17662243936170663,1.534452092651778,0.07101380407188869,1,1,0.5585786443439756
-0.2995329243112068,-0.07409855950843397,1.0051468445232612,-1.1281218588598783,-0.22639878685487358,1.451411026391175,1.1544993622671726,-1.1110500947015458,0.057386968250840026,0,0,0.22379845098027173
-2.8231362670224422,-1.1828563726374073,-0.04990745691980615,0.2928127892625921,-1.4607375884963054,0.7112765343855427,-0.8343544369963035,-0.10629193147743302,-0.024322890634558184,0,0,0.22837793118021177
0.7102555229345489,1.5324918580486686,-1.010925523518655,-0.35383849319172117,0.8308003187483112,-0.6885985712159124,0.15321885829965345,-0.2320404599149595,-1.1250622371608923,0,0,0.23642602067385377
0.8975330319246573,-0.7080996074337687,-1.0099313837783712,-0.11144510555416219,-1.4092993226065758,-0.7679853549932515,-0.8389023140928653,-0.2462567419954229,-1.082688153351309,0,0,0.2711689369473438
-2.6642701192458174,0.7823047582244312,-1.3055853979478662,-0.8374678588174727,0.9860416158631783,0.16842277670162517,-0.14724417478877835,0.35596750931294574,-0.0009063349602949021,0,0,0.14233278849793163
1.9756653063522263,-0.21542396614612377,-0.23237252557645202,-0.13417853878902797,1.0275810974929716,-0.9945678141385085,0.8048417244658307,-1.340540732854407,-0.051493735337595166,0,0,0.22852109867344894
0.22330087466386989,-1.6632322009212566,0.5174345202787217,-1.6293333631679712,0.49407635260032984,0.7694584658263298,-0.5530777429002811,1.0516594312460597,0.19116215922555935,1,1,0.5080749023791507
-2.930191995137875,-0.1727459707726036,0.40409483782139183,0.7183517231822866,-0.3330231574491932,0.8801862197215844,0.9249132573669011,-0.20319224029291622,-0.03384249689159712,0,0,0.18769516880164314
-2.6998698409251896,-0.02998989215899875,0.4673914653821528,-1.1181511630634864,0.08072399600454615,1.3004557968845099,-1.3034114251126172,-0.5056209747034823,0.10461035551658165,0,0,0.27380234288404093
1.8461670701007336,-0.9295084063328861,-0.2789948212761162,0.5167675475457305,-0.8891727879712052,-0.24427266615912654,1.5666422074480941,-0.9927739483823077,1.9571347595032447,0,0,0.1855329143650614
-2.9338424881822047,-0.21956218372264083,-0.6319702754480944,0.01890505460458591,-0.49753524777527874,-0.16978828692944717,0.8828816639586213,0.5075283342654768,-0.07033835991672058,0,0,0.14133138908257553
0.04461442296150655,-1.4866304273656197,-1.2156733904931716,1.0666401947148945,-0.6343973999304803,0.19079612019425532,-0.6309147843949605,-0.7829958269739181,0.7102608079924817,0,0,0.19328368057681114
0.6157690462670302,0.7543747458917444,-0.6929940143835835,-1.4485983014771397,-0.3550264491165799,-0.41520356408916875,0.05691050437192262,-0.32911026340634253,0.8775415739036412,0,0,0.2092287929959453
1.4381145121002725,-0.8578528056989461,-0.35872827202356067,-0.24021579904590612,1.2956924632819653,-1.5814379817816984,1.4920657576289655,-1.0641189290840556,-0.04822540079904254,0,0,0.17829463219198555
0.5726042020547637,0.5622318028436153,-0.37131661377373204,-1.0698305856550272,0.09832289332330851,1.3328314308417692,0.12998573783054085,-0.9815675280234072,0.0181716777656899,0,0,0.2094324685631322
1.3729081752722128,1.7201435600988786,2.5525336422621647,0.3931643110086393,-2.427283692076499,0.08846551693865329,-1.4017098980698885,-1.1266389601184623,0.9488449939995172,1,1,0.678101873508202
-2.76722192787938,0.013871545598029389,1.1318739746028894,-1.1539357576067995,-0.13922167468264798,0.11285289997329824,1.0710752771243237,-0.1188991041937987,-0.019529397491141378,0,0,0.2139947911492231
-2.9374831179049856,0.305201215979192,-0.3573794739798067,-0.09943752115078598,1.4986848949084974,-0.9349830186495882,0.43868397655369584,0.2782921691888969,-0.06261473204351621,0,0,0.18165982726991267
1.0264502862820266,0.9454636795940073,-1.777596207772359,-1.8213619550198252,-0.4586332526071258,-0.09409951849432568,-1.6263051013918013,-0.28749396491194973,1.0527965414937495,0,0,0.21804726941869387
2.0482004728943495,0.4461270451118395,-1.0847452584519486,-1.1393286656440216,0.8126331698966484,0.8447095218395311,-0.7728705285065828,1.1555686369127418,0.06241453586068608,0,0,0.46521791323744444
1.7594431248717721,-0.04186586223786905,0.6024605283727373,1.0640250864680352,-0.22981732516017062,0.8604215558652956,0.23776100989183688,1.051047984768106,-1.0137426424008629,1,1,0.6252798941809631
0.44325491149979346,1.1103892080648994,-0.24492826249285357,-0.8475148173021414,0.15691689402143208,-0.6540288110410017,0.6541477751617357,-0.25599350273478216,-0.972229321149213,0,0,0.24395549082102502
0.5855352197523969,-0.7552138040953006,0.7367426239668082,-1.5301315028702351,0.16370395987260122,-0.014930292910598624,-0.28970701269737836,1.440677226449807,0.1384591451365312,0,1,0.5728818706883981
2.427086548576878,0.2800200791461653,-0.8433824025667298,0.6831909717407586,-0.3125074099906465,-2.194155639242256,1.6115052623504507,-0.35144822801299064,-0.19289647587964362,0,0,0.21769908456961404
1.8957526661397814,-0.3226661713941857,-1.1280587810934837,0.034821971413390614,-0.5575108991840685,-1.6811954075672688,0.7515205089816155,-0.19471362362648512,-1.0846169332386242,1,0,0.22055186281693792
-0.7959519614801962,-1.9412941050479091,0.02309074726938909,1.230099898245701,-0.5746742716587983,-0.644536472769568,-0.12508655469335264,2.154484304854332,0.007009509391609686,1,1,0.5313385460625758
-0.7528558108138282,0.6027175978944055,-0.8769374709686937,-0.5476313616979269,0.9218516013095462,-0.8788341000635859,0.22139976292127456,-0.07736559505489293,-0.051080140051235595,0,0,0.1887070784771798
0.47883982155173854,0.7460681922981451,-0.5078456973292375,-0.1783336984237858,0.9770114745635093,-0.044748882460341255,-0.7169039046470361,-0.8388386055649559,-0.9014265295003534,0,0,0.28555719905125354
1.3284017622035336,-0.041184143971862985,0.8587242852244776,-1.2757608553567297,-0.6383596213190259,1.2324785357213586,0.5104300985068124,-1.4530994912629107,1.1517348173014639,0,0,0.2721193222410973
-2.542185879384901,0.8201685908155057,1.3504719266795675,0.2615001078172986,0.8215518267699983,1.9955429902903405,-0.1042495590498204,-1.2416218293408152,-0.019811965361085274,0,0,0.2826387616252221
-1.0809850869629607,-0.49521649576650256,-0.12141148424768068,0.04965160327069762,-0.4206800628701754,0.6074129727579815,-0.9982875383518113,-0.6853337964498925,0.5595072584243619,0,0,0.26314253727242287
-1.1548687074080763,2.6036552061275815,-0.9232662135272525,-0.8057508544318653,0.07316727738096525,1.132713753589532,-1.3396588000380005,0.019327813062019247,-0.8249128150000956,1,0,0.2700089066399856
1.0015008433788526,-0.47348967256454216,0.0230643219532686,1.2082376142167157,-0.11602957967210606,-0.12823995915925693,0.2916674592458453,-1.1915555121754586,-0.07740319996292735,0,0,0.27558967969853626
0.5858263695288548,-1.2715802465304085,-1.0790965944268767,0.9691187896543789,-0.08211425648642054,1.0612960124688493,-1.2923849038763258,-1.312902270418735,-0.06221233389526345,0,0,0.2363800593861722
1.0502686542408937,0.6044573888552132,0.5251238082272468,-0.2261435817795373,1.207426258434205,1.3086559278112382,0.1445321882477049,0.8922484774050288,-0.7278764813214584,0,1,0.5585832115976134
1.2356642700152172,-0.15104186515811602,0.1561148842514437,0.04644761951467228,0.9648801208550534,0.05610250771730964,-0.40457788980039866,-1.627148071244032,0.8311200244738126,1,0,0.29059063140902136
-2.635116488715465,0.4259548393609664,0.15166516136934102,-1.863818543590103,-0.5709487072502851,1.1241039856391337,-0.22389653982504765,0.13446662802131593,-0.010351530315727274,0,0,0.20955149747820986
0.2507665428680909,-0.32155608284143883,-1.2552960544646052,-1.3669160684170385,0.2070222937948367,-0.829030898512666,-1.7641202872299413,-0.5844046694924905,0.9159749621399229,0,0,0.23113026762823788
0.7244702780989131,-0.6399083414860403,-0.993766972399023,0.5045857249006768,-0.2683664118781041,-1.597162187253718,0.37390586682849786,-0.06540227962195157,-1.1658127709437716,0,0,0.2317598573669171
2.165220769438987,-1.585132801699357,-0.2281003239469574,1.2399513104056172,0.6743769663626707,1.4994493644389848,-1.2678137404773004,0.025014609865831684,0.08413914230592755,0,1,0.5647993425133481
0.904990281756649,-0.45312611852586493,0.7907080472851385,0.21754964839894697,0.29186315402200913,1.0237307205482917,-0.5040585956566453,0.8708406072148113,0.09654688101940728,1,1,0.6168240049967094
-1.3335187837786444,0.032020833607675186,-0.6275770246851428,0.24102239336299625,0.017843229598395113,-0.37195662638055094,1.065104749963587,0.1638419112604813,-0.5274545660089558,0,0,0.1711207489844519
-2.8713504494865627,-0.6879971348093801,0.21677017892880454,-1.2317269875886734,0.3604395436301528,-0.49215851543286565,-0.2475276267019048,0.09512926633357621,0.13572222693106079,0,0,0.21683710286064653
-0.03670106985308251,0.39542962377619895,-0.6255086452709979,0.2120363591649718,1.6594064686342163,-0.4659814150360327,0.2611175267863777,-0.6972823687286174,-0.838325927572722,0,0,0.21873460711437032
-2.8973893229049645,0.7261228935182392,-0.30662068407797266,-2.0163725386922104,-0.7307949481641326,0.2321529480441214,-1.0204395572208156,0.41409869625586193,0.04134333389686984,0,0,0.21555920666854606
0.49714037227827584,-0.7520776994237307,0.037756815184114945,1.5945981798982323,0.9916690818448659,0.533992447456061,-0.7070654106217676,0.9736933445847429,0.03807701720890479,1,1,0.5768954840765825
-1.8421986556076089,0.33485607356898206,0.42533458991465206,-1.8153696009495879,-0.6064378906398584,0.44875201234801526,1.2373961808446738,0.2661620427154635,0.34446055159320854,0,0,0.18878209659959783
0.12302844404073209,3.079499925869096,1.1174477277062604,0.7024191941998563,0.36262145963916753,-2.1959672290295256,-0.36180301560194855,0.1355416442329835,-0.8345984403994169,0,1,0.5475148724371158
-2.8432620477075994,0.328624795016319,-0.7386349541296192,-1.9336113562731507,-0.30114247734110955,1.3320494783950956,-0.9915267500877275,-0.0397702093192617,0.06253435635560586,0,0,0.1619637087757507
0.4808460191411735,-0.4303446589605063,0.6116111993226498,-1.9862635676135543,-0.20405212718668175,1.5694365986195729,-0.04648168088692379,1.316744152790266,-0.5273373117048472,1,1,0.5159467683866583
0.836172498624199,-0.07356856238943447,2.9380383086299444,-0.19681273029732416,0.10528381440252604,-1.0796881743116111,-2.236702235229761,0.8800012072151491,-0.628707875747733,1,1,0.8846616987097706
-0.08201749842677707,0.7638655964490463,0.6497271918680302,-0.7024298581023014,0.06036254571566982,0.26113871989925064,1.027141388582433,-0.538195189050879,-0.01834086116184501,0,0,0.2626246946899139
0.6333650435660629,0.49417203340949506,0.09935647276058197,-0.38856055784399,0.6333265014642109,0.561330653313249,1.0331014260988751,-1.0159351557477068,-0.004687796331594941,0,0,0.21717528734879754
0.6922908949571793,-1.185211803958899,0.8151755386387423,-0.01612548606859663,1.9376241716836229,-1.2172838609389525,1.2686885297212906,1.2300225521105206,-0.7048461660174032,1,1,0.5141305917203772
0.24535976308345644,-0.2581013046993072,-0.8161716078952762,-1.2131520397716964,-0.9514546495726629,-1.3839051907317583,-0.04254740070593503,0.3339308153513383,-0.9190293569489244,0,0,0.238708065323882
-2.7386849737936014,-0.03728394640731031,-0.8535532435518867,-1.597737911091956,0.2612229259895056,-0.4418787364096899,-0.5053375822430833,0.5152490650958913,-0.07860974317709221,0,0,0.1721558909057557
-1.2237900824855479,0.46654741722261484,-1.2995574110267123,0.5903627858257123,-0.6675065319773278,-0.5205349915330671,0.3703729041707078,0.7311706303889486,-0.915967653510443,0,0,0.19506810795491208
-0.9453660688988034,-0.1878781592792396,0.14637247102775683,-0.11412401559513681,1.036229338919536,0.5098398074280583,-0.9108047235601613,-1.1765825560471748,0.6122836304276756,0,0,0.26535182603204305
-2.760129283392054,0.6894961346424039,-1.143024268735329,-1.4759307356360598,0.26384999484040567,0.09592079569909337,-0.7604819521047435,0.5404891847120675,0.019471971251269135,0,0,0.16953625910350728
-3.117493836936023,-1.6914498819513393,-0.35195501202854684,-0.8122777394040571,1.322673805707905,-0.4999487198829584,-0.39064645104776313,-0.447167428837536,0.11530158576380323,0,0,0.15227805203083009
-0.6533077252266634,-0.27388439976004386,0.09094466219774876,0.4154238360568819,1.6948000043937683,-2.238895032342139,0.9263076445706669,-0.33626980729506206,0.6799604315450554,0,0,0.23394938755361344
-2.9358587478776204,-0.9027551944568987,0.301580135165986,1.2523035557297035,0.4529887054849082,0.35090945714266675,0.5101815825191275,-0.5148280720120414,-0.023367937065157756,0,0,0.19357263540364938
-3.0549801909227896,-0.5321315658150059,-1.0824702597283222,-0.02928586831721461,-1.532625707245825,-0.8802417303544386,1.0537338583344609,1.204688266245855,-0.12826843672078686,0,0,0.12783498653229883
-2.9109169442823806,0.7923565496194572,-0.31309399907509317,-1.4795516665161532,-0.11545406289878675,-0.7280138362960068,-0.29147172520582765,0.8137219920752302,0.013341678956674539,0,0,0.21773469535710296
0.670192532820208,0.03662455173954189,0.5594784597463145,-0.7417645842987435,0.8100840855790379,1.1625946065592654,-0.048210388482060586,1.0345307566891688,0.12693171834003542,1,1,0.5396355995800733
0.6442314076008999,-0.6974655360972798,0.9803420182105993,0.9116452727238654,-0.1940696994483163,0.4856801413719849,0.31405185127071444,1.258118420198401,0.03651513654208124,0,1,0.610626358868138
1.3533430241372273,-0.6667471786096911,-0.6547898310022076,-0.6731937423544998,-0.8252228318448052,-0.028148678966180743,0.14532425150795694,1.945363152849741,0.0022125487459919717,0,0,0.4668766700216414
0.0728675071382874,-1.194372805558218,0.20338242746026822,-0.6513422236511799,0.7165753342548435,0.5515021641470814,-1.144379269685512,-1.6007085281346765,0.06177533148598448,1,0,0.277021535881446
0.6739168104829333,0.696402766987,-0.443843522167958,0.9693873347892861,0.8183683111293139,1.1679765953012562,-0.5389715428540242,1.193662082549179,0.9039974149338548,1,1,0.5178745688471936
0.5337938931980998,-0.36977829690182884,-2.0588895291922187,-0.02196647289552595,0.42442867813651125,-0.22429332077121647,-1.3463974128959442,-0.6839343332259161,-0.06900565592985848,0,0,0.18209495766065265
0.6594573186254331,2.5918305514305153,0.9151884658872604,-0.07464754128211368,-0.3526730378417611,-2.107826724796615,-1.8088639364562413,-0.1401146450441106,-1.0393612064155555,1,1,0.6013969561113488
0.698054426885192,-0.20495026831987334,-0.40204159936203304,-0.3054173655315538,-0.9376956867773567,1.2236587826302772,-1.8085730496001633,1.4691859972791057,0.896374227250641,0,1,0.5826278363307443
-0.9597521633410985,-0.37442011669921643,-0.8304828573514508,2.434761679705314,-0.10658777173305815,1.6431585072858974,-0.6377691473549415,-0.8447714307905502,-0.10810544417128007,0,0,0.23406797315677336
-0.22108502062926033,0.638646755113394,-0.7624934839583474,-0.7750976679882181,0.4984992400870299,-0.03651160382242222,-0.3954747253999063,-0.4187991778169547,0.6942523511040622,0,0,0.216489350360242
0.27421887022428365,-1.627511374562311,0.8146207509792263,1.255709460491054,-0.9459056354017632,0.8229197580647635,0.03552092961161232,-1.4965139841963053,0.789247163486284,0,0,0.30028745005461427
-2.960088188366741,-0.041667051427702495,-0.7974803668985557,0.22985446458877284,-0.287513307359137,1.1794107011846038,-0.6780394510972987,0.11309264199951519,-0.017867392132923782,0,0,0.18558939262458432
1.8178447382566545,-0.9479764515462762,-0.0271852852501423,1.2944034511584532,0.06903141243012441,-0.24158413886566893,-0.27551131702207315,-1.7409045027216765,1.2304328409798155,0,0,0.2902279455609754
0.2625567610536202,-0.09858542547898502,-0.6326209365925537,0.14681511907803146,-1.5999245052688287,0.7805565415934235,-0.2860182736232022,-0.30329308292517576,-0.1045448567293271,0,0,0.2500311546441495
-0.13436920076398723,-1.1622391236679277,0.1649270999524436,0.33166982675870244,-0.6683716307528033,0.3171934427966409,-0.8843369054583826,-0.8474862533708243,-0.7529810291077551,1,0,0.32258338897949773
0.03401787182901529,-1.9570674303419344,0.36668262173813954,0.11927630209666658,-1.9265103533065597,-0.32307747662975744,0.6542133763504219,-0.28310830211641047,-0.8534418978602447,0,0,0.26853648693366516
-0.9687623097555826,1.2764991423335545,-1.1858176882153915,-1.4747975217277522,0.02657853820018807,-0.284034054000826,0.5836790987330196,0.5648687837140173,-0.05188323801570552,0,0,0.16065731000380323
-2.8078581345264917,0.8399283632865521,-0.07753310847505791,-1.0138898290155,0.17372904051478422,0.7202744357941294,-0.4268620418403432,-0.09064480532972233,0.03422777988416621,1,0,0.20395737802776148
-3.0640901048746287,-0.7387400662628631,-0.8575131434891347,-0.8832045852179456,-1.2361990001511316,-0.8899102031636789,-0.21238822052775108,0.890011276218694,-0.13241271001807303,0,0,0.16528630474727612
-2.601148733812564,-0.13872602316148405,1.4588061010181348,-0.6957749877365083,0.1701997086321856,1.5666928192539922,0.38942704700076936,-0.9730293776435138,-0.0005107582085021432,0,0,0.24453237637198041
-2.9309545455973427,0.16202213657695674,-0.823318827744992,-1.3258142252132146,0.4349776655628089,-0.5165020413794065,-0.24309594564701398,0.370525246102531,-0.054992582085756275,0,0,0.1547854064060406
1.779264001620703,0.35235431041803006,2.235195541950796,1.103113363493609,-0.8206376804877147,0.8986549038327816,2.021431022299494,1.07250726634142,-1.0336779892478603,1,1,0.6807293681678078
-1.4667965797093963,-2.1817883803878635,0.8723456519140669,0.4258796971232626,0.12179941612810184,-0.4251159662689905,0.3501211660338274,-0.8180021767217144,-0.4269337287624088,0,0,0.26000986237882157
-1.1697700185274815,0.7272186135166856,-0.8399006283737002,0.2581165411058324,-1.1144511428329409,2.1819184508443943,-0.3037531875568486,-0.3012566480916059,-0.07227470388828204,0,0,0.19566664602445288
2.6446649336657653,0.7303212965372878,-0.2823781435364405,-1.3460218634912462,0.2958849073357762,0.6827650725785656,0.48430899060390875,1.2495210946173365,-1.1860232567104079,0,1,0.5040855089057271
-2.847896313174446,-0.050187408949002824,-0.8441846029468697,-0.06481003675765848,-1.376154056364221,-0.911914519789237,0.366585106975662,1.021141368675266,-0.024879277999533874,0,0,0.16851993244920307
1.0983622875963652,-0.9488874688234644,-2.0795004283508423,-0.1142862563640348,-1.9448728965047293,-0.875431404202249,0.019303700608331795,0.1901415182556524,-0.17388977916853213,0,0,0.15997718959985383
-0.21563813824456174,0.40594701555253165,-0.6539678651895182,-0.7087767334251434,0.7163314259433308,-1.303501491599866,0.6299488007206873,0.017006498848646558,-0.05952535070042,0,0,0.20311973065569233
1.5744894342421758,0.27870041198784784,-0.4477915578552058,-0.34579610688710677,1.471579481679313,-0.4338344824815813,-0.8645075184639585,1.2543581417722856,-0.9433384386301163,0,1,0.5724451518029551
0.41751517346805467,0.2810190631620985,0.3922151004613774,-0.16322925257437382,1.3726280158998094,-0.4314115080968699,1.283055680162013,1.5492125144542959,1.3424308111027017,1,0,0.4597182191202571
-2.781913311594403,-1.1155051332484387,0.6557076204201577,-1.0832970839484788,-1.1427250369495006,0.37215314438802105,0.10594572055112325,0.12428111989245993,0.11376784940396784,0,0,0.22930729942963665
0.767026868295661,-0.07193029864883253,-0.8304341936199344,-0.5246515352406076,-0.7906800198961506,-0.1563671261494681,-0.6565482802131551,2.2680129736947348,-0.7632275712525235,1,1,0.524878799709356
2.5656434264997046,2.0158479824831756,-0.9140790928397204,1.982879851613778,0.5860507078804477,1.4065399236919292,-0.38059043921904756,0.8984298707859203,1.1600860793912688,1,1,0.5506776267729914
0.2317502437568167,-2.0113532599681903,1.521383445499341,-0.14547210916912506,1.6304974448774754,-0.45852384110005284,0.726479033393398,0.701632858979821,0.8973152253277105,0,1,0.5452997156594844
-0.08540796118793692,0.33514403795901626,-1.5624303458159954,1.10117426306347,-0.5443212685332789,0.2825394601207579,-0.7536392818354695,-0.15389461977263394,-0.1427980625836263,0,0,0.22278508256193807
-2.898514385705101,0.5951660007194587,-0.18908281627446408,-1.5158414761113022,-0.23180042022931205,0.036575223125225695,-0.808043183988613,0.24584851471299135,0.0351931354504673,0,0,0.21680591950973946
0.20778576883039845,-1.223443973372334,0.35343238807002675,1.3024465567185664,0.027671945747088214,0.038986378042106244,-0.24208375032413348,-1.333705327496432,-0.04160407164444931,0,0,0.2993633225967383
1.3013724401791404,0.17064647937529034,0.40981110666790593,0.8308540389720247,-1.373684467740626,-2.7434414318283054,-1.5708957861457766,-0.170497839949294,-0.11859382676400439,1,1,0.5371323234892875
1.2103187111596445,-1.7124137878526755,1.7339224260069876,-0.8372610877249465,0.7543321552987999,1.212923180238282,0.8775248170947504,0.2723952003386345,0.1863838016946963,1,1,0.5504609479566562
0.012883975742645591,-0.9651415658900143,0.641842327702528,-0.006162765501772551,1.1878960446817832,-0.3417369301753285,-0.08272877313588389,-1.3482962571494612,0.04951794617436753,0,0,0.29077263113507545
-1.098759178158902,1.1680587274339715,1.0145026629271054,-0.8165336973358518,0.45706656553381414,1.2370223572739538,0.9503030123258563,1.9983214906415037,0.10572027085222829,1,1,0.5203806627346746
